<connectorMetaData path="jdbc">
	<name>Database Writer</name>
	<author>Mirth Corporation</author>
	<pluginVersion>3.7.1</pluginVersion>
	<mirthVersion>3.7.1</mirthVersion>
	<url>http://www.mirthcorp.com</url>
	<description>This connector allows Mirth to write to any JDBC-compatabile database with Insert, Update or JavaScript statements.</description>
	<clientClassName>com.mirth.connect.connectors.jdbc.DatabaseWriter</clientClassName>
	<serverClassName>com.mirth.connect.connectors.jdbc.DatabaseDispatcher</serverClassName>
	<sharedClassName>com.mirth.connect.connectors.jdbc.DatabaseDispatcherProperties</sharedClassName>
	<library type="CLIENT" path="jdbc-client.jar" />
	<library type="SHARED" path="jdbc-shared.jar" />
	<library type="SERVER" path="jdbc-server.jar" />
	<apiProvider type="SERVLET_INTERFACE" name="com.mirth.connect.connectors.jdbc.DatabaseConnectorServletInterface"/>
	<apiProvider type="SERVER_CLASS" name="com.mirth.connect.connectors.jdbc.DatabaseConnectorServlet"/>
	<protocol>jdbc</protocol>
	<type>DESTINATION</type>
</connectorMetaData>