<connectorMetaData path="vm">
	<name>Channel Reader</name>
	<author>Mirth Corporation</author>
	<pluginVersion>3.7.1</pluginVersion>
	<mirthVersion>3.7.1</mirthVersion>
	<url>http://www.mirthcorp.com</url>
	<description>This connector allows Mirth to listen for incoming events from other channels in the same Mirth instance.</description>
	<clientClassName>com.mirth.connect.connectors.vm.ChannelReader</clientClassName>
	<serverClassName>com.mirth.connect.connectors.vm.VmReceiver</serverClassName>
	<sharedClassName>com.mirth.connect.connectors.vm.VmReceiverProperties</sharedClassName>
	<library type="CLIENT" path="vm-client.jar" />
	<library type="SHARED" path="vm-shared.jar" />
	<library type="SERVER" path="vm-server.jar" />
	<transformers></transformers>
	<protocol>vm</protocol>
	<type>SOURCE</type>
</connectorMetaData>