<connectorMetaData path="file">
	<name>File Writer</name>
	<author>Mirth Corporation</author>
	<pluginVersion>3.7.1</pluginVersion>
	<mirthVersion>3.7.1</mirthVersion>
	<url>http://www.mirthcorp.com</url>
	<description>This connector allows Mirth to write files to a local or network file system. A velocity template is available to dynamically generate files.</description>
	<clientClassName>com.mirth.connect.connectors.file.FileWriter</clientClassName>
	<serverClassName>com.mirth.connect.connectors.file.FileDispatcher</serverClassName>
	<sharedClassName>com.mirth.connect.connectors.file.FileDispatcherProperties</sharedClassName>
	<library type="CLIENT" path="file-client.jar" />
	<library type="SHARED" path="file-shared.jar" />
	<library type="SERVER" path="file-server.jar" />
	<library type="SHARED" path="lib/aws-java-sdk-core-1.11.194.jar" />
	<library type="SERVER" path="lib/aws-java-sdk-kms-1.11.194.jar" />
	<library type="SERVER" path="lib/aws-java-sdk-s3-1.11.194.jar" />
	<library type="SERVER" path="lib/aws-java-sdk-sts-1.11.194.jar" />
	<library type="SERVER" path="lib/ion-java-1.0.2.jar" />
	<library type="SERVER" path="lib/jmespath-java-1.11.194.jar" />
	<library type="SERVER" path="lib/jackson-dataformat-cbor-2.9.1.jar" />
	<library type="SERVER" path="lib/jcifs-1.3.17.jar" />
	<library type="SERVER" path="lib/webdavclient4j-core-0.92.jar" />
	<apiProvider type="SERVLET_INTERFACE" name="com.mirth.connect.connectors.file.FileConnectorServletInterface"/>
	<apiProvider type="SERVER_CLASS" name="com.mirth.connect.connectors.file.FileConnectorServlet"/>
	<protocol>file</protocol>
	<type>DESTINATION</type>
</connectorMetaData>