<connectorMetaData path="tcp">
	<name>TCP Sender</name>
	<author>Mirth Corporation</author>
	<pluginVersion>3.7.1</pluginVersion>
	<mirthVersion>3.7.1</mirthVersion>
	<url>http://www.mirthcorp.com</url>
	<description>This connector allows Mirth to send messages to a TCP server.</description>
	<clientClassName>com.mirth.connect.connectors.tcp.TcpSender</clientClassName>
	<serverClassName>com.mirth.connect.connectors.tcp.TcpDispatcher</serverClassName>
	<sharedClassName>com.mirth.connect.connectors.tcp.TcpDispatcherProperties</sharedClassName>
	<library type="CLIENT" path="tcp-client.jar" />
	<library type="SHARED" path="tcp-shared.jar" />
	<library type="SERVER" path="tcp-server.jar" />
	<apiProvider type="SERVLET_INTERFACE" name="com.mirth.connect.connectors.tcp.TcpConnectorServletInterface"/>
	<apiProvider type="SERVER_CLASS" name="com.mirth.connect.connectors.tcp.TcpConnectorServlet"/>
	<transformers/>
	<protocol>tcp</protocol>
	<type>DESTINATION</type>
</connectorMetaData>