<connectorMetaData path="smtp">
	<name>SMTP Sender</name>
	<author>Mirth Corporation</author>
	<pluginVersion>3.7.1</pluginVersion>
	<mirthVersion>3.7.1</mirthVersion>
	<url>http://www.mirthcorp.com</url>
	<description>This connector allows Mirth Connect to send email messages via SMTP. A template is available to dynamically create messages.</description>
	<clientClassName>com.mirth.connect.connectors.smtp.SmtpSender</clientClassName>
	<serverClassName>com.mirth.connect.connectors.smtp.SmtpDispatcher</serverClassName>
	<sharedClassName>com.mirth.connect.connectors.smtp.SmtpDispatcherProperties</sharedClassName>
	<library type="CLIENT" path="smtp-client.jar" />
	<library type="SHARED" path="smtp-shared.jar" />
	<library type="SERVER" path="smtp-server.jar" />
	<apiProvider type="SERVLET_INTERFACE" name="com.mirth.connect.connectors.smtp.SmtpConnectorServletInterface"/>
	<apiProvider type="SERVER_CLASS" name="com.mirth.connect.connectors.smtp.SmtpConnectorServlet"/>
	<transformers></transformers>
	<protocol>smtp</protocol>
	<type>DESTINATION</type>
</connectorMetaData>